{
  "Graenichen": {
    "huglin": 1787.701596153846,
    "rain": 579.0769230769231,
    "sun": 31385.920000000002
  },
  "Frick": {
    "huglin": 1747.6017307692307,
    "rain": 525.0,
    "sun": 41733.759999999995
  },
  "Tegenfeld": {
    "huglin": 1843.1147307692306,
    "rain": 493.84615384615387,
    "sun": 37633.28
  },
  "Oberflachs": {
    "huglin": 1704.9617115384613,
    "rain": 521.6461538461538,
    "sun": 37377.36
  },
  "Birmensdorf": {
    "huglin": 1793.9434615384614,
    "rain": 553.0076923076923,
    "sun": 34611.1
  }
}
